gas,description,unit,total_records,mean_concentration,std_concentration,min_concentration,max_concentration,cities_covered,years_covered,months_covered,highest_city,highest_concentration,lowest_city,lowest_concentration,annual_trend,trend_direction
NO2,Nitrogen Dioxide,mol/m,750,8.485391471182181e-05,7.952779834538454e-05,1.6660000822932613e-05,0.0006115897232105,10,7,75,Tashkent,0.00025523822002037933,Nukus,2.7847143898533493e-05,2.836698720926233e-06,Increasing
CO,Carbon Monoxide,mol/m,740,0.03363271685573499,0.0035988222272140082,0.0258215735447698,0.0512691184773566,10,7,74,Andijan,0.03555232402128493,Samarkand,0.030748619530736602,0.00019871842740121998,Increasing
CH4,Methane,ppb,380,1911.625549436596,19.72046044961295,1855.7527019615825,1968.4918091869915,10,7,63,Andijan,1921.588979603112,Urgench,1903.5563511836351,6.566585825210597,Increasing
