Gas,Total_Measurements,Mean_Concentration,Std_Concentration,Min_Concentration,Max_Concentration,Cities_Covered,Time_Span_Years
NO2,750,8.485391471182181e-05,7.952779834538454e-05,1.6660000822932613e-05,0.0006115897232105,10,7
CO,740,0.03363271685573499,0.0035988222272140082,0.0258215735447698,0.0512691184773566,10,7
CH4,380,1911.625549436596,19.72046044961295,1855.7527019615825,1968.4918091869915,10,7
